<?xml version="1.0" encoding="UTF-8"?>
<project-private xmlns="http://www.netbeans.org/ns/project-private/1">
    <editor-bookmarks xmlns="http://www.netbeans.org/ns/editor-bookmarks/2" lastBookmarkId="0"/>
    <open-files xmlns="http://www.netbeans.org/ns/projectui-open-files/2">
        <group>
            <file>file:/home/pedro/projetos/ead/resources/views/publicacao/tarefa.blade.php</file>
            <file>file:/home/pedro/projetos/ead/resources/views/disciplina/disciplina.blade.php</file>
            <file>file:/home/pedro/projetos/ead/resources/views/publicacao/tarefa_formulario.blade.php</file>
            <file>file:/home/pedro/projetos/ead/routes/web.php</file>
            <file>file:/home/pedro/projetos/ead/app/Http/Controllers/PublicacaoController.php</file>
            <file>file:/home/pedro/projetos/ead/app/Http/Controllers/DisciplinaController.php</file>
        </group>
    </open-files>
</project-private>
